{"routers":{"settings":{"name":"settings","version":"2025-04-01T09:35:02","disableAuth":false},"subscription":{"name":"subscription","version":"2025-04-01T10:13:54","disableAuth":false},"voice_synthesis":{"name":"voice_synthesis","version":"2025-04-01T07:44:12","disableAuth":false},"call_analytics":{"name":"call_analytics","version":"2025-04-01T10:57:06","disableAuth":false},"google_calendar":{"name":"google_calendar","version":"2025-03-30T07:08:52","disableAuth":false},"meta_whatsapp":{"name":"meta_whatsapp","version":"2025-04-01T14:10:40","disableAuth":false},"whatsapp":{"name":"whatsapp","version":"2025-04-01T14:04:44","disableAuth":false},"call_simulation":{"name":"call_simulation","version":"2025-04-01T08:42:45","disableAuth":false}}}